{
  "NDVI": {
    "min": -0.5191301107406616,
    "max": 0.9524043798446655,
    "mean": 0.25953230261802673,
    "std": 0.18173372745513916
  },
  "NDBI": {
    "min": -0.7802031636238098,
    "max": 0.7438691258430481,
    "mean": 0.05838567018508911,
    "std": 0.10325045138597488
  },
  "NBI": {
    "min": 19.19777488708496,
    "max": 19470.140625,
    "mean": 1776.0506591796875,
    "std": 781.4364013671875
  }
}