{
  "NDVI": {
    "min": -0.16491228342056274,
    "max": 0.682149350643158,
    "mean": 0.15700720250606537,
    "std": 0.10947097092866898
  },
  "NDBI": {
    "min": -0.4287882149219513,
    "max": 0.4969143867492676,
    "mean": 0.03830157220363617,
    "std": 0.07082927972078323
  },
  "NBI": {
    "min": 561.3388671875,
    "max": 12075.8837890625,
    "mean": 2853.971923828125,
    "std": 800.130859375
  }
}